Producto,Descripcion,Enlace,Categoria,Response
Nacar No. 9210,"Berel Nacar es un producto translúcido base agua para interiores, formulado con resinas acrílicas, pigmentos perlescentes y aditivos. Versátil por el ligero cambio de luz y color el cual crea un efecto nacarado.",https://www.berelmexico.com/producto/nacar-no-9210/,Recubrimientos,[]
Summa Satinado 673,"Summa Satinado Esmalte alquidálico de acabado satinado y secado rápido, posee excelente adhesión, dureza y gran rendimiento.",https://www.berelmexico.com/producto/summa-satinado-673/,Esmaltes,[]
Pintura para Alberca Serie 1500,"Pintura para Alberca fabricada 100% a base de hule clorado, resistente a los álcalis y productos químicos empleados en el mantenimiento de las albercas. Satisface perfectamente todos los requerimientos de impermeabilidad, elasticidad, resistencia a la intemperie y al desarrollo de microorganismos de este tipo de recubrimientos. El acabado es ligeramente satinado, lo cual ayuda a facilitar su limpieza.",https://www.berelmexico.com/producto/pintura-para-alberca-serie-1500/,Pinturas,"La Pintura para Alberca Serie 1500 de Berel es un recubrimiento de hule clorado 100% acrílico que cumple con los requerimientos de impermeabilidad, elasticidad y resistencia a los álcalis y productos químicos usados en el mantenimiento de albercas. Esta pintura cuenta con un acabado ligeramente satinado que ayuda a mantener la limpieza y a prevenir la acumulación de residuos. Además, es resistente a los cambios climáticos, lo que la hace ideal para usarse en exteriores. Esta pintura también es resistente al desarrollo de microorganismos, lo que la hace una excelente opción para aquellos que desean proteger su alberca y mantenerla en buen estado por más tiempo. La Serie 1500 de Berel ofrece una solución duradera para mantener la alberca en óptimas condiciones."
Sellador Kover 2470,"El Sellador Acrílico Kover concentrado es un producto base agua, formulado con resinas acrílicas de superior calidad. Posee una alta impermeabilidad al agua, así como excelente sellado en superficies porosas y buena adherencia tanto al sustrato como a la capa de impermeabilizante que se aplicará.",https://www.berelmexico.com/producto/sellador-kover-2470/,Recubrimientos,[]
Reductor Epóxico 1040,Reductor Epóxico 1040 es una mezcla de solventes a los cuales les imparten buen nivelado y rapidez de secado inicial debido a que posee una alta velocidad de evaporación.,https://www.berelmexico.com/producto/reductor-epoxico-1040/,Disolventes,[]
Sellador asfáltico Kover No. 550004,"Sellador asfáltico Kover, Emulsión asfáltica base agua de baja densidad formulado con partículas bituminosas en suspensión estable, con alto contenido de sólidos y excelente adherencia a los sustratos. Impregna y sella el poro para la óptima adhesión de membranas APP y SBS.', 'Emulsión asfáltica base agua de baja densidad formulado con partículas bituminosas en suspensión estable, con alto contenido de sólidos y excelente adherencia a los sustratos. Impregna y sella el poro para la óptima adhesión de membranas APP y SBS.",https://www.berelmexico.com/producto/sellador-asfaltico-kover-no-550004/,Recubrimientos,[]
Felpa de Microfibra sup. Lisa 9,"Felpa microfibra.', 'Ideal para realizar acabados finos.', 'Anti-gota",https://www.berelmexico.com/producto/felpa-de-microfibra-sup-lisa-9/,Rodillos,[]
Terra No. 9230,"Berel Terra No. 9230 es un producto decorativo base agua de acabado mate para\xa0 Interiores, formulado con resinas acrílicas, diseñado para reproducir la apariencia de la arena con un acabado final texturizado.', 'Berel Terra es un producto decorativo base agua de acabado mate para interiores, formulado con resinas acrílicas, diseñado para reproducir la apariencia de la arena con un acabado final texturizado.",https://www.berelmexico.com/producto/terra-no-9230/,Recubrimientos,[]
Rekolor,"Es una pintura vinil-acrílica para uso en interiores y exteriores con buena resistencia al lavado, griseo y decoloración. Este producto esta hecho con los mejores materiales y de la mayor calidad así como todos nuestros productos.",https://www.berelmexico.com/producto/rekolor/,Pinturas,"
Rekolor de Berel es una pintura acrílica de alta calidad para uso en interiores y exteriores. Esta pintura ofrece una excelente resistencia al lavado, griseo y decoloración. Está hecha con los mejores materiales y pigmentos acrílicos para asegurar una cobertura consistente y un acabado duradero. Rekolor es una pintura fácil de usar con una excelente adherencia a la mayoría de superficies. Esta pintura también es resistente a la intemperie, lo que la hace ideal para uso en exteriores. Su rendimiento superior y su durabilidad hacen de Rekolor una excelente opción para todas tus necesidades de pintura."
Charola Profesional 9,"Fabricada de polipropileno negro de alta densidad', 'Canales para la descarga correcta de la pintura', '100% hecho en México",https://www.berelmexico.com/producto/charola-profesional-9/,Charolas,[]
Plastiprotector Uso Rudo 10m2,"Plástico protector de polietileno 100% virgen “cristalino” de alta densidad', 'Corte recto', 'Por su impermeabilidad evita el paso de líquidos y polvos en alfombras equipo equipos maquinaria mobiliario pisos y áreas de tráfico pesado.",https://www.berelmexico.com/producto/plastiprotector-uso-rudo-10m2/,Recubrimientos,[]
Lijas De Oxido,"Lijas de Oxido, OXALUM diseñadas para tareas demandantes en la industria del taller. Aplicación recomendada para limpieza y lijado de metales no ferrosos, madera y plásticos. Para operación de desbaste agresivo se recomiendan grados gruesos y para acabados medio y finos.",https://www.berelmexico.com/producto/lijas-de-oxido/,Lijas,[]
Berelex One Hand,"Es una pintura de acabado mate, formulada con resina 100% acrílica, se distingue por su alto poder cubriente, lo cual permite lograr fácil cobertura en una sola mano, logrando así ahorro de tiempo de aplicación. Una de sus características es la de inhibir el crecimiento de bacterias, hongos y algas.",https://www.berelmexico.com/producto/berelex-one-hand/,Pinturas,"Berelex One Hand es una pintura de acabado mate de la marca Berel. Está formulada con resina 100% acrílica, ofreciendo un alto poder cubriente que permite obtener una cobertura completa en una sola mano. Esta pintura es perfecta para ahorrar tiempo en la aplicación. Además, está diseñada para inhibir el crecimiento de bacterias, hongos y algas. Esta pintura acrílica es ideal para todo tipo de superficies y ofrece un acabado duradero y resistente. Berelex One Hand es una pintura de calidad que garantiza una excelente cobertura en una sola mano."
Esmalte Semi Industrial Serie 5400,"Esmalte formulado para obtener una gran rapidez de secado, buena adhesión y resistencia a la intemperie, además de un excelente brillo y dureza.",https://www.berelmexico.com/producto/esmalte-semi-industrial-serie-5400/,Esmaltes,[]
Felpa pro Acrílico sup. Rugosa de 9,"Felpa de nylon ideal para realizar acabados finos.', 'Ideal para superficies rugosas', 'Resistente a los acrílicos y esmaltes",https://www.berelmexico.com/producto/felpa-pro-acrilico-sup-rugosa-de-9/,Rodillos,[]
Pega Yeso,"Es un adhesivo de acetato de polivinilo, diseñado especialmente para mejorar la adherencia del yeso a sustratos de concreto.",https://www.berelmexico.com/producto/pega-yeso/,Adhesivos,[]
Berel-Text,"Recubrimiento texturizado de alta calidad en pasta con granulometría especial controlada. Compuesto a base de resinas acrílicas, arena sílica y grano de mármol. Posee gran dureza y adherencia, además de alta resistencia en aplicaciones a la intemperie.",https://www.berelmexico.com/producto/berel-text/,Recubrimientos,[]
Dry Fog Base Agua No. 4271,"El Dry Fog Acrílico es un recubrimiento base agua de acabado mate, para uso exclusivo en interiores. Posee una gran rapidez de secado, la brisa que produce al aplicarse a una distancia mínima de 3 metros de altura cae completamente seca permitiendo mayor facilidad de limpieza.', 'El Dry Fog Acrílico es un recubrimiento base agua de acabado mate, para uso exclusivo en interiores. Posee una gran rapidez de secado, la brisa que produce al aplicarse a una distancia mínima de 3 metros de altura cae completamente seca permitiendo mayor facilidad de limpieza.",https://www.berelmexico.com/producto/dry-fog-base-agua-no-4271/,Recubrimientos,[]
Armazon Sencillo 9,"Maneral sencillo 9″.', 'Maneral de constitución robusta elaborado con varilla de 7 mm.', 'Mango de plástico ancho y cuenta con rosca reforzada para extensión.",https://www.berelmexico.com/producto/armazon-sencillo-9/,Rodillos,[]
Kit domestico 4 pzas,"Charola económica', 'Plastiprotector uso rudo 10 MTS', 'Rodillo estándar 9” alta densidad\xa0 de 3/4",https://www.berelmexico.com/producto/kit-domestico-4-pzas/,Kits,[]
Lijas De Agua,"Lijas de agua fabricadas con grano de carburo de silicio para operaciones en húmedo o seco en acabado, pulido y micro acabado en la industria de repintado automotriz. Aplicación recomendada para primarios, capas de pintura, transparentes, lacas barnices y selladores en acabados automotrices, muebles metálicos y mobiliario en general así como en vidrio, metales no ferrosos y fibra de vidrio.",https://www.berelmexico.com/producto/lijas-de-agua/,Lijas,[]
Brocha Mr Pancho,"Brocha económica para todo tipo de aplicaciones. Una Brocha de gran resistencia la cual puede ser usada con cualquier tipo de pintura, Lo que la convierte en la brocha ideal dentro del rango de las líneas económicas en el mercado.",https://www.berelmexico.com/producto/brocha-mr-pancho/,Brochas,[]
Pintura Elastomerica No. 2923,"Es muy flexible y elástica, diseñada para resistir expansiones, contracciones y movimientos ligeros de las superficies (grietas).', 'Pintura Elastomérica Acrílica, flexible y elástica, diseñada para resistir expansiones, contracciones y movimientos ligeros de las superficies (grietas).",https://www.berelmexico.com/producto/pintura-elastomerica-no-2923/,Pinturas,"Pintura Elastomérica Acrílica No. 2923 de Berel es una pintura elástica y flexible diseñada para resistir expansiones, contracciones y movimientos ligeros de las superficies. Esta pintura acrílica es ideal para proteger contra la intemperie, la humedad y la corrosión. La pintura Elastomérica Acrílica No. 2923 está formulada con una mezcla de acrílico y polímeros resistentes, lo que le da una excelente resistencia a la intemperie y la humedad. Esta pintura también se caracteriza por su alta resistencia a la grieta, lo que la hace ideal para superficies expuestas a cambios de temperatura y humedad. La pintura Elastomérica Acrílica No. 2923 de Berel es fácil de limpiar y mantener, lo que la hace ideal para usar en interiores y exteriores. Esta pintura es ideal para usar en paredes, techos, patios, terrazas y más. Esta pintura es resistente a la decoloración, por lo que los colores se mantendrán vibrantes durante mucho tiempo. Esta pintura es fácil de aplicar, lo que la hace ideal para principiantes y profesionales."
Multitono Max,"Es una pintura base agua de gran rendimiento y alta resistencia al lavado, giseo y decoloración en aplicaciones a la intemperie. Está diseñada bajo un sistema de igualación que consta de 4 bases y 12 tintas con las cuales se pueden obtener 880 colores diferentes.",https://www.berelmexico.com/producto/multitono-max/,Pinturas,"Multitono Max de Berel es una pintura acrílica de gran rendimiento y resistente a la decoloración, giseo y lavado cuando se aplica a la intemperie. Esta pintura avanzada está diseñada para ofrecer una amplia gama de colores, gracias a su sistema de igualación que consta de cuatro bases y doce tintas para crear hasta 880 colores diferentes. Esta pintura es ideal para proyectos de interior y exterior, ofreciendo resistencia a la intemperie, durabilidad y una cobertura excepcional. Además, es fácil de limpiar y mantener, haciendo de Multitono Max de Berel la mejor opción para obtener un acabado profesional."
Armazon p/rodillo 9 semi profesional,"Maneral profesional 9″.', 'Maneral de constitución robusta elaborado con varilla de 7 mm y jaula de 5 alambres.', 'Mango de plástico ancho y cuenta con rosca reforzada para extensión.",https://www.berelmexico.com/producto/armazon-p-rodillo-9-semi-profesional/,Rodillos,[]
Armazon P/rodillo 4,"Maneral sencillo 9″.', 'Maneral de constitución robusta elaborado con varilla de 7 mm.', 'Mango de plástico ancho y cuenta con rosca reforzada para extensión.",https://www.berelmexico.com/producto/armazon-p-rodillo-4/,Rodillos,[]
Polvo Tiralineas Exito,"Gis de alta visibilidad. Encaje la punta de la botella dosificando en el tiralíneas, y oprima la botella suavemente hasta llenar el depósito.",https://www.berelmexico.com/producto/polvo-tiralineas-exito/,Recubrimientos,[]
Safari Serie 3900,"Es una pintura antibacterial 100% acrílica, sin olor, para exteriores e interiores, de acabado semimate, alta resistencia al ensuciamiento, fácil de limpiar y de cero compuestos Orgánicos Volátiles (COV).",https://www.berelmexico.com/producto/safari-serie-3900/,Pinturas,"La pintura antibacterial Safari Serie 3900 de Berel es una pintura 100% acrílica, sin olor, ideal para usar tanto en exteriores como en interiores. Ofrece un acabado semimate, además de una alta resistencia al ensuciamiento. Esto significa que es fácil de limpiar y que no contiene compuestos Orgánicos Volátiles (COV). Esta pintura es resistente a la humedad y a los rayos UV, lo que la hace ideal para usar en climas cálidos y húmedos. Además, es una pintura de secado rápido, lo que significa que podrás disfrutar de su aspecto perfecto en un tiempo récord."
Esmalte Metálico Serie 6100,"Esmalte 100% acrílico de secado extraordinario y rápido, de excelente resistencia, con gran rendimiento y que proporciona un acabado metálico uniforme de excelente brillo y adhesión.', 'Esmalte 100% acrílico de secado extraordinariamente rápido, de excelente resistencia, con gran rendimiento y que proporciona un acabado metálico uniforme de excelente brillo y adhesión.",https://www.berelmexico.com/producto/esmalte-metalico-serie-61100/,Esmaltes,[]
Fondo Mano Taller,"El Fondo Mano Taller, es un primario anticorrosivo formulado a base de Pigmentos, Inertes y Resinas Alquidálicas modificadas, para ser usado en superficies metálicas ferrosas, tanto interiores como exteriores, como primera mano en la aplicación de la pintura de acabado, con objeto de lograr la máxima protección contra la corrosión moderada.",https://www.berelmexico.com/producto/fondo-mano-taller/,Recubrimientos,[]
Impermeabilizante Kover Cryl Serie 2600,"Recubrimiento elastomérico base agua de fácil aplicación, fabricado con resinas acrílicas resistentes a la intemperie. Forma una barrera protectora contra el agua, presenta excelente adhesión a una amplia gama de superficies, posee una gran elasticidad y es altamente reflectivo al calor radiante del sol, manteniendo los interiores mucho más frescos y confortables.', 'Recubrimiento elastomérico base agua de fácil aplicación, fabricado con resinas acrílicas resistentes a la intemperie, forma una barrera protectora contra el agua, presenta excelente adhesión a una amplia gama de superficies, posee una gran elasticidad y es altamente reflectivo al calor radiante del sol, manteniendo los interiores mucho más frescos y confortables.",https://www.berelmexico.com/producto/impermeabilizante-kover-cryl-serie-2600/,Recubrimientos,[]
Kalos Tone Satinado,"Es una pintura de acabado satinado, se caracteriza por su gran poder, posee alta resistencia al lavado, muy buena resistencia al giseo y decoloración, además de muy buen rendimiento, brochabilidad y nivelado.",https://www.berelmexico.com/producto/kalos-tone-satinado/,Pinturas,"
Kalos Tone Satinado de Berel es una pintura acrílica de acabado satinado. Esta pintura ofrece un gran poder, resistencia al lavado y resistencia al giseo y decoloración. Su rendimiento, brochabilidad y nivelado son de muy buena calidad. Además, su composición acrílica le otorga una mayor durabilidad y resistencia a la intemperie. Esta pintura es una excelente opción para todos los trabajos de pintura que necesitan un acabado satinado."
Reductor Berel 1060,"Reductor Berel 1060 es una mezcla de solventes, especialmente formulado para diluir esmaltes y pinturas que se van a aplicar con pistola de aire o por sistema de inmersión, a los cuales les imparten buen nivelado y rapidez de secado inicial.",https://www.berelmexico.com/producto/reductor-berel-1060/,Disolventes,[]
Mini Repuesto de Esponja 4,"Paquete de 10 felpas de 4” de espuma de media densidad de 10mm de alto', 'Por su tamaño es ideal para trabajos de retoque y proyectos de interior', 'Perfectos para superficies lisas y aplicación de barnices",https://www.berelmexico.com/producto/mini-repuesto-esponja-4/,Rodillos,[]
Rodillo Sencillo Baja Densidad,La felpa de este rodillo es la de mejor desempeño dentro de los de fibra sintética debido a que descarga totalmente la pintura para obtener el mejor rendimiento por m2,https://www.berelmexico.com/producto/rodillo-sencillo-baja-densidad/,Rodillos,[]
Felpa pro Microfibra sup. Rugosa 9,"Felpa microfibra', 'Ideal para realizar acabados finos.', 'Ideal para superficies lisas",https://www.berelmexico.com/producto/felpa-pro-microfibra-sup-rugosa-9/,Rodillos,[]
Exito Rodillo Corto Maneral Jaula,"Mini Rodillo de Poliester, Incluye armazon para rodillo de 4pulg, Maneral estándar, Material de acero inoxidable con tapas de polietileno de alta densidad y mango de polipropileno virgen, Para cualquier tipo de felpa de 4pulg.  Uso rudo.",https://www.berelmexico.com/producto/exito-rodillo-corto-maneral-jaula/,Rodillos,[]
Kalos Tone Mate Serie 7700,"Se caracteriza por su excelente poder cubriente, posee muy buena resistencia al lavado, giseo y decoloración, además de muy buen rendimiento, brochabilidad y nivelado. – Excelente desempeño a un bajo costo.', 'Se caracteriza por su excelente poder cubriente, posee muy buena resistencia al lavado, giseo y decoloración, además de muy buen rendimiento, brochabilidad y nivelado.",https://www.berelmexico.com/producto/kalos-tone-mate-serie/,Recubrimientos,[]
Plastiprotector Rollo Line,"Rollo de polietileno 100% virgen', 'Alta densidad', 'Pigmentado de color negro",https://www.berelmexico.com/producto/plastiprotector-rollo-line/,Recubrimientos,[]
Porta Lija Exito Manual,Ideal para dar un acabado perfectamente liso a la superficie trabajada. Plástico fundido a presión reforzada unido a una almohadilla de goma espuma.,https://www.berelmexico.com/producto/porta-lija-exito-manual/,Lijas,[]
Sellador Vinílico No. 570,"Sellador recomendado especialmente para interiores, formulado a base de resinas vinílicas-acrílicas de gran calidad que le confieren una excelente adhesión y gran poder sellado.', 'Sellador recomendado especialmente para interiores, formulado a base de resinas vinil-acrílicas de gran calidad, que le confieren una excelente adhesión, resistencia a la humedad y gran poder de sellado.",https://www.berelmexico.com/producto/sellador-vinilico-no-570/,Recubrimientos,[]
Brocha Uso General,Excelente para esos proyectos ocasionales donde se necesita un buen desempeño a un costo óptimo.,https://www.berelmexico.com/producto/brocha-uso-general/,Brochas,[]
Pincel Exito Redondo Serie 105,"Pincel redondo de cerda 100% natural de pony, con mango de madera y casquillo de aluminio, cuenta con mayor densidad de cerda que te permite una buena carga de pintura, además de contar con una punta fina para poder realizar pinceladas a precisión.",https://www.berelmexico.com/producto/pincel-exito-redondo-serie-105/,Brochas,[]
Felpa Baja Densidad 9″,"Felpa de\xa0 100% poliéster baja densidad de una sola pieza', 'Ideal para trabajos rápidos y ocasionales.', 'Peinada y recortada para un mejor acabado.",https://www.berelmexico.com/producto/felpa-baja-densidad-9″/,Rodillos,[]
Marino No. 1100,"Barniz Marino No. 1100\xa0 de Poliuretano de un solo componente, transparente, de alto brillo y secado rápido. Posee alta resistencia a la abrasión, es impermeable a la humedad, ofrece gran rendimiento y excelente durabilidad.', 'Barniz de Poliuretano de un solo componente, transparente, de alto brillo y secado rápido. Posee alta resistencia a la abrasión, es impermeable a la humedad, ofrece gran rendimiento y excelente durabilidad.",https://www.berelmexico.com/producto/marino-no-1100/,Recubrimientos,[]
Felpa Pro Epóxico sup. Lisa 9,"Rodillo fibra de poliamida hilo continuo', 'Recomendado para todo tipo de superficies', 'Uso para resinas alquitrán impermeabilizantes primer epóxico catalizado y esmaltes.",https://www.berelmexico.com/producto/felpa-pro-epoxico-sup-lisa-9/,Rodillos,[]
Fondo Blanco para Madera No. 5523,"Fondo para madera, formulado a partir de resinas alquidálicas que al aplicarse como primera mano, sella poros y microgrietas de la madera, dejando una superficie tersa y apropiada para ser pintada. Mejora la adhesión y rendimiento de la pintura de acabado final.",https://www.berelmexico.com/producto/fondo-blanco-para-madera-no-5523/,Recubrimientos,[]
Pintura de Transito No. 23,"Pintura de transito de muy alto desempeño formulada a base de hule clorado lo que proporciona grandes ventajas en cuanto a duración, rapidez de secado, adhesión a pavimentos de concreto o asfalto, resistencia a la abrasión y a los cambios de temperatura, así como gran facilidad de desmanchado en carreteras.",https://www.berelmexico.com/producto/pintura-de-transito-no-23/,Pinturas,"Pintura de Transito No. 23 de Berel es una pintura acrílica de alto rendimiento formulada para proporcionar durabilidad, rapidez de secado y resistencia a la abrasión. Esta pintura se adhiere a pavimentos de concreto o asfalto, y se caracteriza por su resistencia a los cambios de temperatura. Esta pintura es fácil de desmanchar en carreteras, y su formulación a base de hule clorado garantiza una mayor duración. Esta pintura es ideal para usar en proyectos de gran escala en el área de la señalización vial. Esta pintura de alta calidad ofrece un acabado profesional y seguridad al tráfico. Además, es una excelente opción para mejorar la visibilidad de los señalamientos de tránsito."
Dry Fog Base Solvente No. 5473,"Dry Fog Base Solvente No. 5473, Esmalte alquidálico de acabado mate, para uso exclusivo en interiores. Posee una gran rapidez de secado y gran rendimiento. La brisa que produce al aplicarse a una distancia mínima de 3 metros de altura cae completamente seca.', 'Dry Fog esmalte alquidálico de acabado mate, para uso exclusivamente en interiores. Posee una extraordinaria rapidez de secado y gran rendimiento. La brisa que se produce al aplicarse a una distancia mínima de 3 m de altura cae completamente seca.",https://www.berelmexico.com/producto/dry-fog-base-solvente-no-5473/,Esmaltes,[]
Summa 1600,"Summa 1600 es un Barniz alquidálico transparente de excelente brillo y gran duración. Posee un buen nivelado, gran rapidez de secado y es fácil de aplicar.', 'Barniz alquidálico transparente de excelente brillo y gran duración. Posee un buen nivelado, gran rapidez de secado y es fácil de aplicar.",https://www.berelmexico.com/producto/summa-1600/,Recubrimientos,[]
Berelex Green,"Pintura 100% acrílica sin olor y Cero compuestos Orgánicos Volátiles (COV). No daña la capa de ozono. Especialmente formulada para interiores, para pintar áreas ocupadas y con poca o nula ventilación.",https://www.berelmexico.com/producto/berelex-green/,Pinturas,"Berelex Green es una pintura acrílica de la marca Berel, especialmente formulada para interiores. Esta pintura no contiene compuestos orgánicos volátiles (COV) y es 100% libre de olor. Está diseñada para pintar áreas ocupadas y con poca o nula ventilación. Además, es una pintura respetuosa con el medio ambiente, ya que no daña la capa de ozono. Berelex Green es la mejor opción para aquellas personas que buscan una pintura de calidad, que no emita olores y que sea segura para el medio ambiente."
Dry Fog Base Agua No. 4273,"El Dry Fog Base Agua No. 4273 Acrílico es un recubrimiento base agua de acabado mate, para uso exclusivo en interiores. Posee una gran rapidez de secado, la brisa que produce al aplicarse a una distancia mínima de 3 metros de altura cae completamente seca permitiendo mayor facilidad de limpieza.', 'El Dry Fog Acrílico es un recubrimiento base agua de acabado mate, para uso exclusivo en interiores. Posee una gran rapidez de secado, la brisa que produce al aplicarse a una distancia mínima de 3 metros de altura cae completamente seca permitiendo mayor facilidad de limpieza.",https://www.berelmexico.com/producto/dry-fog-base-agua-no-4273/,Recubrimientos,[]
Impermeabilizante Kover Secado Rápido Serie 4800,"Impermeabilizante Kover Secado rápido elastomérico base agua, se fabrica con resinas 100% acrílicas, por lo que tiene una alta resistencia a los rayos UV del sol. Los materiales utilizados en su formulación le permiten disminuir considerablemente el tiempo de secado, evita filtraciones de agua y es de fácil aplicación. Está diseñado especialmente para secar aún en condiciones ambientales que se consideran adversas para un impermeabilizante convencional.', 'Impermeabilizante elastomérico base agua, se fabrica con resinas 100% acrílicas, por lo que tiene una alta resistencia a los rayos UV del sol; los materiales utilizados en su formulación le permiten disminuir considerablemente el tiempo de secado, evita filtraciones de agua y es de fácil aplicación. Está diseñado especialmente para secar aún en condiciones ambien\xadtales que se consideran adversas para un impermeabilizante convencional. Su adhesión a una amplia gama de sustratos es excelente, lo cual le permite ser utilizado como acabado de alta durabilidad en impermeabilizaciones nuevas, así como en el restaurado de sistemas impermeables en frío que requieran renovación.",https://www.berelmexico.com/producto/impermeabilizante-kover-secado-rapido-serie-4800/,Recubrimientos,[]
Mini Repuesto de Microfibra 4″,"Paquete de 10 felpas de 4” de microfibra (superior al nylon de alta densidad)', 'Especial para superficies semi-rugosas', 'Excelente rendimiento en litros humectación de 200% más que cualquier otra tela",https://www.berelmexico.com/producto/mini-repuesto-de-microfibra-4″/,Rodillos,[]
Pincel Exito Plano Serie 100,"Pincel Éxito Plano Serie 100 de Mango corto y delgado, luz de cerda promedio. Pincel plano de cerda 100% natural de pony, con mango de madera y casquillo de aluminio, es ancho y se utiliza para pintar superficies amplias.",https://www.berelmexico.com/producto/pincel-exito-plano-serie-100/,Brochas,[]
100 Acryl Serie 2100,"Es una pintura formulada con resinas 100% acrílicas. Tiene una alta resistencia a la alcalinidad del cemento, excelente resistencia al lavado, manchado, giseo y decoloración en aplicaciones a la intemperie, además de excelente rendimiento y facilidad de aplicación. Es una pintura formulada con resinas 100% acrílicas.",https://www.berelmexico.com/producto/100-acryl-serie-2100/,Pinturas,"La pintura 100 Acryl Serie 2100 de Berel es una pintura acrílica de alta calidad. Está formulada con resinas 100% acrílicas para ofrecer una resistencia excepcional a la alcalinidad del cemento y al lavado, manchado, giseo y decoloración en aplicaciones a la intemperie. Su fácil aplicación y su alto rendimiento hacen que sea una excelente opción para aquellos que buscan una pintura duradera y resistente. Esta pintura acrílica ofrece una alta resistencia a la intemperie y es ideal para usar en interiores y exteriores. Su durabilidad y resistencia a la decoloración la hacen perfecta para proyectos de interior y exterior. Esta pintura acrílica es una opción ideal para aquellos que buscan una pintura de calidad superior."
Impermeabilizante Kover térmico Serie 4900,"Impermeabilizantes Kover térmico elastomérico base agua, fabricando con resinas 100% Acrílicas, lo que permite tener una alta resistencia a los rayos del sol; también tiene en su formulación micro esferas que reflejan el calor, permitiendo un mayor confort hacia el interior de las habitaciones; forma una barrera protectora contra agua', 'Impermeabilizantes Kover térmico elastomérico base agua, fabricado con resinas 100% acrílicas, lo que permite tener una alta resistencia a los rayos UV del sol; también tiene en su formulación microesferas que reflejan el calor, permitiendo un mayor confort hacia el interior de las habitaciones; forma una barrera protectora contra agua, evitando filtraciones y es de fácil aplicación. Está diseñado especialmente para soportar diferentes condiciones ambientales. Posee una excelente adhesión y puede ser utilizado como acabado de alta durabilidad en impermeabilizaciones nuevas, así como en el restaurado de sistemas impermeables en frío que requieran renovación.",https://www.berelmexico.com/producto/impermeabilizante-kover-termico-serie-4900/,Recubrimientos,[]
Extension Italiana Profesional,"Extensiones de 1.2MT, 1MT A 2MT y de 1.4MT a 3MT metros', 'Echas 100% en italia especiales para alcázar lugares altos o de acceso restringido sin necesitada de utilizar las escaleras', 'Echas con materiales especiales que\xa0 logran ligereza facilitando",https://www.berelmexico.com/producto/extension-italiana-profesional/,Rodillos,[]
Pintura para Pisos Serie 3800,La pintura para pisos es una pintura de acabado satinado. Es recomendada para la protección y decoración de pisos arquitectónicos sobre acabados de concreto y mortero. Es ideal como alternativa para el piso cerámico con tráfico peatonal y vehicular ligero.,https://www.berelmexico.com/producto/pintura-para-pisos-serie-3800/,Pinturas,"La Pintura para Pisos Serie 3800 de Berel es una pintura acrílica de acabado satinado. Está especialmente diseñada para proteger y decorar pisos arquitectónicos con acabados de concreto y mortero. Esta pintura es una excelente alternativa para aquellos que desean proteger sus pisos de cerámico con tráfico peatonal y vehicular ligero. La pintura Serie 3800 de Berel tiene una excelente resistencia a la abrasión y a la intemperie, lo que la hace ideal para uso en exteriores. Esta pintura es muy fácil de aplicar, y su acabado satinado le da al piso un aspecto moderno y contemporáneo. Su formulación acrílica la hace resistente a la humedad, lo que la hace ideal para uso en interiores. Esta pintura es ideal para aquellos que desean un acabado duradero y resistente."
Esmalte Summa Serie 600 / 6070,"Barniz alquidálico de secado extraordinariamente rápido, gran rendimiento y alta resistencia a la intemperie, posee gran adhesión, dureza y un excelente brillo. – Secado rápido – Más de 900 colores para igualación.', 'Esmalte alquidálico de secado extraordinariamente rápido, gran rendimiento y alta resistencia a la intemperie, posee gran adhesión, dureza y un excelente brillo.",https://www.berelmexico.com/producto/esmalte-summa-serie-600-6070/,Esmaltes,[]
Plastiprotector Uso Ligero 15m2 Premium,"Plástico protector de polietileno 100% virgen “cristalino”', 'Corte recto de alta densidad', 'Por su impermeabilidad evita el paso de líquidos y polvos en alfombras equipo equipos maquinaria mobiliario pisos y áreas de tráfico pesado.",https://www.berelmexico.com/producto/plastiprotector-uso-ligero-15-m2-premium/,Recubrimientos,[]
Plastiprotector Uso Rudo 10m2 premium,"Plástico protector de polietileno 100% virgen “cristalino” de alta densidad', 'Corte recto', 'Por su impermeabilidad evita el paso de líquidos y polvos en alfombras equipo equipos maquinaria mobiliario pisos y áreas de tráfico pesado.",https://www.berelmexico.com/producto/plastiprotector-uso-rudo-10m2-premium/,Recubrimientos,[]
Semi Gloss Serie 2000,"Semi Gloss es una pintura de acabado semibrillante, especialmente formulada con resina acrílica. Posee un excelente rendimiento y poder cubriente, además de alta retención de brillo, excelente resistencia al lavado y ensuciamiento. – Anti-Hongos – Plástica.', 'Semi-Gloss es una pintura de acabado semibrillante, especialmente formulada con resina acrílica. Posee un excelente rendimiento y poder cubriente, además de alta retención de brillo, excelente resistencia al lavado, ensuciamiento y crecimiento de hongos.",https://www.berelmexico.com/producto/semi-gloss-serie-2000/,Pinturas,"La pintura Semi-Gloss Serie 2000 de Berel está especialmente formulada con resina acrílica para ofrecer un acabado semibrillante con excelente rendimiento y poder cubriente. Mantiene un alto brillo, haciéndola ideal para superficies interiores y exteriores. Esta pintura también es resistente al lavado y al ensuciamiento, lo que la hace perfecta para usos domésticos. La pintura Semi-Gloss Serie 2000 también posee propiedades anti-hongos, lo que la hace ideal para usos en entornos con alto riesgo de crecimiento de hongos. Esta pintura de acabado semibrillante está formulada con resina acrílica para ofrecer un rendimiento y poder cubriente óptimos. Esta pintura es perfecta para aplicaciones interiores y exteriores, ya que mantiene su brillo y resistencia al lavado y al ensuciamiento. Además, posee propiedades anti-hongos para uso en entornos con alto riesgo de crecimiento de hongos."
Beralkid Entintable Serie 1400,"Beralkid Entintable Serie 1400\xa0de excelente brillo y gran duración. Elaborado en tonos de cinco variedades de madera más atractivas. Es fácil de aplicar, tiene excelente nivelado y dureza.",https://www.berelmexico.com/producto/beralkid-entintable-serie-1400/,Adhesivos,[]
Pintura para Pizarrón Serie 4600,"Pintura 100% acrílica para su uso en interiores de alto desempeño, brinda a la superficie pintada un acabado de tipo pizarrón de gis. Ideal para escribir y dibujar en superficies pulidas y fácil de limpiar. Esta pintura NO contiene plomo.",https://www.berelmexico.com/producto/pintura-para-pizarron-serie-4600/,Pinturas,"La Pintura para Pizarrón Serie 4600 de Berel es una pintura 100% acrílica de alto desempeño diseñada para uso en interiores. Esta pintura brinda un acabado de tipo pizarrón de gis a la superficie pintada, permitiendo escribir y dibujar sobre superficies lisas y pulidas. Además, la Pintura para Pizarrón Serie 4600 es fácil de limpiar y NO contiene plomo. Esta pintura acrílica de alto desempeño es la opción ideal para aquellos que buscan un acabado profesional y duradero para sus proyectos. La Pintura para Pizarrón Serie 4600 es una excelente opción para aquellos que desean crear una superficie de escritura de calidad."
Rodillo Profesional alta densidad,"Rodillo con felpa de poliéster de alta densidad', 'La felpa de este rodillo es la de mejor desempeño dentro de los de fibra sintética debido a que descarga totalmente la pintura para obtener el mejor rendimiento por m2', 'Hecho 100% en Italia",https://www.berelmexico.com/producto/rodillo-profesional-alta-densidad/,Rodillos,[]
Esmalte Biometal Serie 4200,"Esmalte Biometal es considerado un producto ecológico, siendo un esmalte acrílico base agua de alta calidad, libre de plomo y de solventes, de rápido secado y excelente brillo.', 'Puede aplicarse en múltiples superficies con excelente adhesión, ofreciendo gran protección y durabilidad. Ideal para usarse en lugares donde se desea evitar la emisión de solventes.",https://www.berelmexico.com/producto/esmalte-biometal-serie-4200/,Esmaltes,[]
Lijas Fandeli De Madera,"Lija Fandeli para preparación de superficies en la industria de la madera y en la fabricación de muebles, Su recubrimiento abierto ofrece resistencia al tapado en madera húmedas. Se recomienda su uso también para operaciones de lijado en superficies de yeso, pinturas y plásticos.",https://www.berelmexico.com/producto/lijas-fandeli-para-madera/,Lijas,[]
Removedor 1025,Removedor 1025 de pintura de alto desempeño. Formulado con solventes de gran poder disolvente y de remoción. Es fácil de aplicar y tiene buen rendimiento.,https://www.berelmexico.com/producto/removedor-1025/,Disolventes,[]
Plastiprotector Rollo Mega,"Rollo de polietileno 100% virgen', 'Alta densidad', 'Pigmentado de color negro",https://www.berelmexico.com/producto/plastiprotector-rollo-mega/,Recubrimientos,[]
Plastiprotector Extra Rudo 10m2 Premium,"Único en el mercado es un plástico protector con un toque de pigmento negro 100%', 'Virgen de alta densidad que', 'Por su impermeabilidad evita el paso de líquidos y polvos en alfombras, equipo de maquinaria mobiliario, pisos y áreas de tráfico pesado excelente para remodelaciones.",https://www.berelmexico.com/producto/plastiprotector-extra-rudo-10m2-premium/,Recubrimientos,[]
Primario Epóxico Catalizado No. 5843,Primario a base de dos componentes envasados por separados; un componente epóxico y su correspondientes catalizador. El Primario Epóxico Catalizado proporciona un acabado duro y de alta adhesión. Contiene pigmentos inhibidores a la corrosión a base de sales de Zinc que brindan una alta protección y duración. Es producto libre de plomo y cromatos.,https://www.berelmexico.com/producto/primario-epoxico-catalizado-no-5843/,Recubrimientos,[]
Brocha Uso Domestico,"Brocha de cerda 100% natural, puede ser usada con cualquier tipo de pinturas, Vinil Acrílicas, Esmaltes, 100% Acrílicas etc.",https://www.berelmexico.com/producto/brocha-uso-domestico/,Brochas,[]
Esmalte Automotivo Serie 900,"Esmalte Automotivo formulado a base de resinas alquidálicas que le imparten un alto brillo, buena dureza así como una excelente resistencia en exposiciones prolongadas a la intemperie.",https://www.berelmexico.com/producto/esmalte-automotivo-serie-900/,Esmaltes,[]
Brocha Real Uso Profesional,"Robusta y resistente,\xa0ideal para cualquier tipo de pintura.', 'No suelta pelo y no se afloja el mango.', 'Su corte de cerdas bien definido es ideal para trabajos de precisión.",https://www.berelmexico.com/producto/brocha-real-uso-profesional/,Brochas,[]
Sellador Vinil Acrílico No. 560,"Sellador Vinil Acrílico, Es un sellador blanco que puede ser usado para contribuir a incrementar el poder cubriente y el rendimiento de la pintura. Tiene dos propiedades: la primera, el balance de su formulación permite un sellado y relleno de poros de la superficie; la segunda, su alto poder cubriente y alta blancura nos permite un ahorro de pintura mejorado el acabado final. Además presenta alta resistencia al lavado y a la alcalinidad. Se recomienda para uso en interiores y exteriores.",https://www.berelmexico.com/producto/sellador-vinil-acrilico-no-560/,Recubrimientos,[]
Block Filler No. 578,"Block Filler No. 578 es un recubrimiento primario color blanco mate, hecho a base de resina vinil-acrílica; con excelente resistencia a la alcalinidad y al exterior.', 'Block Filler es un recubrimiento primario color blanco mate, hecho a base de resina vinil-acrílica; con excelente resistencia a la alcalinidad y al exterior.",https://www.berelmexico.com/producto/block-filler-no-578/,Recubrimientos,[]
Sellador Anti-Salitre No. 530,"El Sellador Anti-Salitre No. 530 es altamente resistente a la alcalinidad y a las sales que existen al exterior. Excelente adhesión y gran poder de sellado en muros nuevos.', 'Sellador altamente resistente a la alcalinidad y a las sales que existen en el interior del muro, Formulado a bases de resina 100% acrílica de superior calidad, lo que le imparte alta durabilidad, ayuda a retrasar la aparición de salitre, alta resistencia, excelente adhesión y gran poder de sellado en muros nuevos. Este sellador NO contiene plomo.",https://www.berelmexico.com/producto/sellador-anti-salitre-no-530/,Recubrimientos,[]
Brocha Pelo De Camello,"Ideal para aplicar de acuarelas, tintes y barnices.', 'Elaborado con pelo fino y delicado.', 'Libre de grasas y aceites",https://www.berelmexico.com/producto/brocha-pelo-de-camello/,Brochas,[]
Malla Refuerzo Kover Serie 510000,"La Malla de refuerzo Kover es una membrana sintética de poliéster, utilizada como refuerzo integral en los sistemas de impermeabilización en frío y como refuerzo en los puntos críticos de las superficies a impermeabilizar. Ayuda a soportar ligeros esfuerzos de tensión. Tiene una buena capacidad de humectación, es decir, que es fácilmente mojada por el impermeabilizante.', 'La Malla de refuerzo Kover, es \xa0una membrana sintética de poliéster, utilizada como refuerzo integral en los sistemas de impermeabilización en frío y como refuerzo en los puntos críticos de las superficies a impermeabilizar. Ayuda a soportar ligeros esfuerzos de tensión. Tiene una buena capacidad de humectación, es decir, que es fácilmente mojada por el impermeabilizante.",https://www.berelmexico.com/producto/malla-refuerzo-kover-serie-510000/,Recubrimientos,[]
Berelex Super Satín,"Es una pintura de acabado satín, posee excelente rendimiento y poder cubriente, así como muy buena brochabilidad y nivelado, además de excelente resistencia al lavado, giseo y decoloración en aplicaciones a la intemperie.",https://www.berelmexico.com/producto/berelex-super-satin/,Pinturas,"
Berelex Super Satín es una pintura acrílica de acabado satín de la marca Berel. Esta pintura ofrece un excelente rendimiento y una cubierta profunda. Además, es fácil de aplicar, con un nivelado excelente y una buena brochabilidad. La resistencia al lavado, al giseo y a la decoloración es excelente, incluso en aplicaciones a la intemperie. Esta pintura es ideal para superficies interiores y exteriores, ofreciendo un acabado de alta calidad que se mantendrá por mucho tiempo."
Extension Italiana Económica,"Extensiones de 1.2MT, 1MT A 2MT y de 1.4MT a 3MT metros', 'Echas 100% en italia especiales para alcázar lugares altos o de acceso restringido sin necesitada de utilizar las escaleras', 'Echas con materiales especiales que\xa0 logran ligereza facilitando",https://www.berelmexico.com/producto/extension-italiana-economica/,Rodillos,[]
Trazzos No. 9240,"Berel Trazzos es un producto traslúcido base agua, de acabado satinado, formulado con resinas acrílicas y aditivos, diseñado para ser mezclado con pintura base agua de la línea Berel y aplicarse con herramientas técnicas y decorativas. Esta mezcla extiende el tiempo abierto de trabajo permitiendo crear acabados decorativos.', 'Berel Trazzos es un producto traslúcido base agua para interiores, de acabado satinado, formulado con resinas acrílicas y aditivos, diseñado para ser mezclado con pinturas base agua de la línea Berel y aplicarse con herramientas y técnicas decorativas. Esta mezcla extiende el tiempo abierto de trabajo permitiendo crear acabados decorativos.",https://www.berelmexico.com/producto/trazzos-no-9240/,Recubrimientos,[]
Ligante No. 572,"El ligante Berel tiene buena resistencia a la humedad al ser formulado con resinas acrílicas de calidad superior. Recomendado especialmente para preparar pastas tipo tirol a las que le confiere excelente adhesión y poder aglutinante.', 'El Ligante Berel tiene buena resistencia a la humedad, formulado con resinas acrílicas de calidad superior. Recomendado especialmente para preparar pastas tipo ti rol, a las que le confiere excelente adhesión y poder aglutinante.",https://www.berelmexico.com/producto/ligante-no-572/,Adhesivos,[]
Mini Repuesto de Flock 4,"Paquete de 10 felpas de 4” tipo almohadilla fabricadas con tecnología de punta y fibra tipo “mohair', 'Ofrece la velocidad de un rodillo y la precisión de la brocha', 'Para superficies lisas y semilisas ideal para acabados extra parejos.",https://www.berelmexico.com/producto/mini-repuesto-de-flockl-4/,Rodillos,[]
Exito Rodillo Profesional,"Rodillo con felpa de poliester de densidad media. Es ideal para todo tipo de aplicaciones por su flexibilidad en diferentes aplicaciones, Sus fibras uniformes se traducen en una superficie bien pintada, menor salpicado y menor formación de burbujas. Es muy resistente debido a su doble cubierta de polipropileno y su núcleo adherido por termofusion .",https://www.berelmexico.com/producto/exito-rodillo-profesional/,Rodillos,[]
Impermeabilizante Kover Pro Serie 2800,"Recubrimiento elastomérico base agua de fácil aplicación, fabricado con resinas acrílicas resistentes a la intemperie, forma una barrera protectora contra el agua, presenta buena adhesión a una amplia gana de superficies, posee una gran elasticidad y es altamente reflectivo al calor radiante del sol, manteniendo los interiores mucho más frescos y confortables.', 'Recubrimiento elastomérico base agua de fácil aplicación, fabricado con resinas acrílicas resistentes a la intemperie, forma una barrera protectora contra el agua, presenta buena adhesión a una amplia gama de superficies, posee una gran elasticidad y es reflectivo al calor radiante del sol, manteniendo los interiores mucho más frescos y confortables.",https://www.berelmexico.com/producto/impermeabilizante-kover-pro-serie-2800/,Recubrimientos,[]
Mini Repuesto Industrial 4,"Paquete de 10 felpas de 4” de alta densidad', 'Para aplicación de adhesivos y epóxicos', 'Ideal para superficies lisas y semi-lisas",https://www.berelmexico.com/producto/mini-repuesto-industrial-4/,Rodillos,[]
Armazon p/rodillo 9 extra reforzado,"Maneral profesional extra reforzado\xa0 9″.', 'Maneral de constitución robusta elaborado con varilla de 7 mm y jaula de 5 alambres.', 'Mango de plástico ancho y cuenta con rosca reforzada para extensión. Dobleces de ángulos",https://www.berelmexico.com/producto/armazon-p-rodillo-9-extra-reforzado/,Rodillos,[]
Kit Mini Casero,"Charola azul 4”', 'Plastiprotector uso rudo 10 MTS', 'Mini repuesto de microfibra 4”",https://www.berelmexico.com/producto/kit-mini-casero/,Kits,[]
Fondo Noxid Serie 5500,"Fondo Noxid formulado a base de resinas alquidálicas y cromato de Zinc. Proporciona una alta protección contra la corrosión y mejora la adhesión de la pintura de acabado que se aplicará. De gran flexibilidad, adhesión y facilidad de aplicación.', 'Primario Anticorrosivo formulado a base de resinas alquidálicas y Cromato de Zinc. Proporciona una alta protección contra la corrosión y mejora la adhesión de la pintura de acabado que se aplicará. De gran flexibilidad, adhesión y facilidad de aplicación.",https://www.berelmexico.com/producto/fondo-noxid-serie-5500/,Recubrimientos,[]
Reductor Berel 1030,"Reductor Berel 1030 es una mezcla de solventes, especialmente formulado para diluir esmaltes y pinturas que se van a aplicar con brocha de pelo a los cuales les imparten buen nivelado, sin retrasar el tiempo de secado.",https://www.berelmexico.com/producto/reductor-berel-1030/,Disolventes,[]
Sellador Acrílico No. 580,"Sellador altamente resistente a la alcalinidad y a la humedad, formulado a base de resina 100% acrílica de calidad superior, lo que le imparte alta durabilidad, resistencia, excelente adhesión y gran poder de sellado.', 'Sellador altamente resistente a la alcalinidad y a la humedad, formulado a base de resina 100% acrílica de superior calidad, lo que le imparte alta durabilidad, resistencia, excelente adhesión, y gran poder de sellado.",https://www.berelmexico.com/producto/sellador-acrilico-no-580/,Recubrimientos,[]
Summa Mate 674,"Summa Mate Esmalte alquidálico de acabado mate y secado rápido, posee excelente adhesión, dureza y gran rendimiento.",https://www.berelmexico.com/producto/summa-mate-674/,Esmaltes,[]
Matizante 1070,"Matizante, Producto formulado para matizar esmaltes, barnices alquidálicos lacas y esmaltes acrílicos.",https://www.berelmexico.com/producto/matizante-1070/,Recubrimientos,[]
Mini Repuesto de Nylon 4,"Paquete de 10 felpas de 4” de fibra sintéticas de 10mm de alto', 'Por su tamaño es ideal para trabajos de retoque e interior', 'Perfectos para usarse en superficies semi-rugosas y pintura\xa0vinílica.",https://www.berelmexico.com/producto/mini-repuesto-de-nylon-4/,Rodillos,[]
Brocha Norteña,"La original «brocha verde» muy conocida por todos los pintores profesionales. Robusta y resistente, Es ideal para cualquier tipo de pintura. No suelta pelo y no se afloja el mango. Su corte sus cerdas bien definido es ideal para trabajos de precisión. El tamaño de sus cerdas proporciona mayor absorción y transferencia de pintura .",https://www.berelmexico.com/producto/brocha-nortena/,Brochas,[]
Charola Azul 4,Fabricada de polipropileno de alta resistencia,https://www.berelmexico.com/producto/charola-azul-4/,Charolas,[]
Berelex Pintura para Playa,"Es una pintura 100% acrílica resistente a climas tropicales como la humedad y el calor extremo. Además evita la formación de salitre y evita la formación de bacterias, hongos y algas sobre la superficie pintada.",https://www.berelmexico.com/producto/berelex-pintura-para-playa/,Pinturas,"
Berelex Pintura para Playa es una pintura acrílica de la marca Berel que ofrece una resistencia excepcional a los climas tropicales. Esta pintura es resistente a la humedad y al calor extremo, y ayuda a prevenir la formación de salitre, bacterias, hongos y algas en la superficie pintada. Esta pintura acrílica se caracteriza por ser duradera, resistente al desgaste y fácil de limpiar. Su aplicación es simple y se puede usar para pintar cualquier superficie, desde madera hasta metal. Además, es una pintura no tóxica y prácticamente inodora, lo que la hace segura para su uso en interiores. Berelex Pintura para Playa es la mejor opción para mantener la belleza de tus superficies y protegerlas de los elementos."
Natura No. 9220,"Berel Natura es un producto decorativo base agua de acabado semimate, formulado con resinas acrílicas y cargas minerales. Combina la sensación suave de la pintura y el volumen y apariencia de la textura.', 'Berel Natura es un producto decorativo base agua de acabado semimate para interiores, formulado con resinas acrílicas y cargas minerales. Combina la sensación suave de la pintura y el volumen y apariencia de la textura.",https://www.berelmexico.com/producto/natura-no-9220/,Recubrimientos,[]
Esmalte Qualik,"Esmalte Qualik tiene características de Secado rápido de 4 horas. Alto brillo, Gran rendimiento (7 a 10 metros cuadrados) excelente acabado, ideal para interior y exterior funciona sobre hierro, madera y mampostería.', 'Un esmalte de una excelente flexibilidad y adherencia, lo que busca es el Esmalte Qualik de Berel con el obtendrá estos beneficios y muchos mas. Como por ejemplo que es resistente a la intemperie en ambientes secos y húmedos sin salinidad, con buena retención del color y brillo. Y por si fuera poco su tiempo de secado al tacto es de 4 horas.",https://www.berelmexico.com/producto/esmalte-qualik/,Esmaltes,[]
Multitono Pro,"Es una pintura Vinil Acrílica de acabado mate con excelente rendimiento y resistencia tanto al giseo y a la decoloración, además de muy buena resistencia al lavado con buena brochabilidad, nivelado y cubrimiento.",https://www.berelmexico.com/producto/multitono-pro/,Pinturas,"
Multitono Pro de Berel es una pintura acrílica de acabado mate que ofrece excelente rendimiento y resistencia al giseo, decoloración y lavado. Esta pintura acrílica se caracteriza por tener una buena brochabilidad, nivelado y cubrimiento. Gracias a su durabilidad, Multitono Pro es la mejor opción para aquellos que buscan una pintura de calidad. Además, su acabado mate otorga a la superficie un aspecto elegante y moderno. Multitono Pro es la mejor opción para aquellos que buscan una pintura de calidad que sea resistente al paso del tiempo."
Prefabricado Kover SBS Serie 550000,"El Prefabricado Kover SBS es una membrana impermeable prefabricada formada por un compuesto asfáltico modificado con Estireno-Butadieno-Estireno (SBS) laminado con refuerzo central que puede ser de fibra de vidrio o poliéster. Se caracteriza por ofrecer excelente impermeabilidad, no requerir de mantenimiento y tener una gran resistencia y larga duración. Su recubrimiento mineralizado le proporciona un acabado protector, durable y decorativo.', 'Prefabricado Kover SBS es una membrana impermeable \xa0prefabricada formada \xa0por un compuesto asfáltico modificado con Estireno-Butadieno-Estireno (SBS) laminado con refuerzo central que puede ser de fibra de vidrio o poliéster. Se caracteriza por ofrecer excelente impermeabilidad, no requerir de mantenimiento y tener una gran resistencia y larga duración. Su recubrimiento mineral proporciona una acabado protector, durable y decorativo.",https://www.berelmexico.com/producto/prefabricado-kover-sbs-serie-550000/,Recubrimientos,[]
Esmalte Beralkid Serie 400,"Esmalte Beralkid alquidálico, de excelente brillo y gran duración. Es fácil de aplicar, tiene un excelente nivelado y dureza.', 'Barniz alquidálico transparente, de excelente brillo y gran duración. Es fácil de aplicar, tiene un excelente nivelado y dureza.",https://www.berelmexico.com/producto/esmalte-beralkid/,Esmaltes,[]
Charola Economica 9″,Ideal para cargar pintura con rodillos de hasta 9”,https://www.berelmexico.com/producto/charola-economica-9″/,Charolas,[]
Sellador Berel Green No. 590,"Sellador Berel Green No. 590 es una sellador entintable 100% Acrílico de bajo olor y cero COV* que no daña la capa de ozono, especialmente formulado para interiores y sellar áreas ocupadas con poca o nula ventilación. Este sellador ha sido diseñado para ser usado como primario de la pintura Berelex Green para ofrecer un sistema completo de bajo olor y cero COV. Producto con excelente desempeño, blancura y propiedades de sellado. Posee alta resistencia al salitre; recomendado para interiores y exteriores. Tiene muy bajo olor durante la aplicación y desaparece después de una hora de secado.",https://www.berelmexico.com/producto/sellador-berel-green-no-590/,Recubrimientos,[]
Felpa pro Nylon sup. Lisa de 9,"Felpa de nylon ideal para realizar acabados finos.', 'Ideal para superficies lisas e interiores', 'Perfecto para aplicar esmaltes y todo tipo de pintura",https://www.berelmexico.com/producto/felpa-pro-nylon-sup-lisa-de-9/,Rodillos,[]
Berelex Serie 200,"Es una pintura de excelente rendimiento y poder cubriente, posee muy buena brochabilidad y nivelado, además de excelente resistencia al lavado, giseo y decoloración en aplicaciones a la intemperie. – Excelente Poder Cubriente – Excelente Lavabilidad – Excelente Durabilidad', 'Es una pintura de excelente rendimiento y poder cubriente, posee muy buena brochabilidad y nivelado, además de excelente resistencia al lavado, giseo y decoloración en aplicaciones a la intemperie.",https://www.berelmexico.com/producto/berelex-linea-200/,Pinturas,"La pintura Berelex Serie 200 es una pintura acrílica de alto rendimiento. Su poder cubriente es excelente y posee muy buena brochabilidad y nivelado. Esta pintura ofrece una resistencia excepcional al lavado, giseo y decoloración en aplicaciones a la intemperie. Su acabado es duradero y resistente a los rayos UV. Además, es fácil de aplicar, ya sea con rodillo, pincel o aerógrafo. Esta pintura acrílica es ideal para usar en superficies interiores y exteriores, como madera, metal, ladrillo, piedra, plástico y más. Esta pintura es una excelente opción para obtener un acabado profesional en cualquier proyecto."
Rodillo Estándar Alta Densidad,"Rodillo con felpa de poliéster de alta densidad', 'La felpa de este rodillo es la de mejor desempeño dentro de los de fibra sintética debido a que descarga totalmente la pintura para obtener el mejor rendimiento por metro cuadrado.', 'Echo 100% en Italia",https://www.berelmexico.com/producto/rodillo-estandar-alta-densidad/,Rodillos,[]
Summa Mate 1670,"Barniz alquidálico de acabado mate, semitransparente y de gran duración. Posee un buen nivelado, gran rapidez de secado y es fácil de aplicar.', 'Barniz alquidálico de acabado mate, semitransparente y de gran duración. Posee un buen nivelado, gran rapidez de secado y es fácil de aplicar.",https://www.berelmexico.com/producto/summa-mate-1670/,Recubrimientos,[]
Pintura de Transito No. 17,"Pintura de Transito No. 17\xa0tiene muy alto desempeño formulada a base de hule clorado lo que proporciona grandes ventajas en cuanto a duración, rapidez de secado, adhesión a pavimentos de concreto o asfalto, resistencia a la abrasión y a los cambios de temperatura, así como gran facilidad de desmanchado en carreteras.",https://www.berelmexico.com/producto/pintura-de-transito-no-17/,Pinturas,"Pintura de Transito No. 17 de Berel es una pintura de calidad superior formulada a base de hule clorado que ofrece excelentes beneficios. Esta pintura acrílica es resistente a la abrasión y a los cambios de temperatura, además de tener una gran adherencia a pavimentos de concreto o asfalto. Su secado es rápido y su duración es muy alta. Además, es fácil de desmanchar de carreteras. Esta pintura de transito es la mejor opción para una aplicación profesional y duradera."
Esmalte Epóxico Catalizado Serie 5900,"Esmalte Epóxico de 2 componentes, a base de resina epóxica que endurece por la adición de resina poliamida. Es un recubrimiento diseñado para brindar alta protección y durabilidad a superficies, ofreciendo un acabado de alto brillo, dureza y adhesión, además de una excelente resistencia a la abrasión y productos químicos.",https://www.berelmexico.com/producto/esmalte-epoxico-catalizado-serie-5900/,Esmaltes,[]
Felpa de 9 alta densidad,Felpa de  100% poliéster alta densidad de una sola pieza,https://www.berelmexico.com/producto/felpa-de-9-alta-densidad/,Rodillos,[]
Resanador para Grietas Kover No. 2490,"El Resanador para Grietas Kover es un producto base agua, formulado principalmente con resinas acrílicas y fibras sintéticas las cuales imparten una consistencia pastosa. Además posee una excelente adhesión a diferentes superficies, por lo que tiene buena elasticidad y finalmente excelente resistencia a la alcalinidad del cemento.",https://www.berelmexico.com/producto/resanador-para-grietas-kover-no-2490/,Recubrimientos,[]
Pintura Aluminio No. 150,"Pintura de Aluminio de excelente resistencia a la intemperie, calor y oxidación; posee un alto índice de reflexión de la luz y el calor radiante del sol. La pintura de Aluminio Berel resiste temperaturas de hasta 250°C siempre que el calentamiento se efectúe paulatinamente.",https://www.berelmexico.com/producto/pintura-aluminio-no-150/,Pinturas,"Pintura Aluminio No. 150 de Berel es una pintura acrílica de alto rendimiento, diseñada para resistir los efectos de la intemperie, el calor y la oxidación. Esta pintura es ideal para aplicaciones exteriores, ya que su alto índice de reflexión de la luz y el calor radiante del sol, la hacen ideal para climas cálidos. Además, su resistencia a la temperatura es de hasta 250°C, siempre que el calentamiento se efectúe paulatinamente. Esta pintura acrílica es fácil de aplicar, y sus resultados duraderos lo hacen una excelente opción para superficies exteriores. Además, la pintura Aluminio No. 150 de Berel es resistente a los rayos UV, lo que la hace ideal para el uso a largo plazo."
Reductor Berel 1090,"Reductor Berel 1090 es una mezcla de solventes, especialmente formulado para diluir\xa0esmaltes y pinturas que se van a aplicar con brocha de pelo\xa0a los cuales les imparten buen nivelado, sin retrasar el tiempo\xa0de secado.",https://www.berelmexico.com/producto/reductor-berel-1090/,Disolventes,[]
Plastiprotector Ultra Ligero 15 m2,Plástico protector de polietileno 100% virgen “cristalino”,https://www.berelmexico.com/producto/plastiprotector-ultra-ligero-15-m2/,Recubrimientos,[]
Berelinte7 Serie 0800,"Es una pintura de extraordinaria duración con excelente rendimiento, poder cubriente y gran resistencia al lavado. Su acabado es terso y mate, posee muy buena facilidad de aplicación y ofrece mejor resistencia al salpiqueo al aplicarse con rodillo. – La mejor relación precio-calidad.', 'Es una pintura de extraordinaria duración con excelente rendimiento, poder cubriente y gran resistencia al lavado, su acabado es terso y mate, posee muy buena facilidad de aplicación, ofrece mejor resistencia al salpiqueo al aplicarse con rodillo.",https://www.berelmexico.com/producto/berelinte7-serie-0800/,Pinturas,"""La Berelinte7 Serie 0800 es una pintura acrílica de alta calidad, con un rendimiento excepcional y una resistencia al lavado superior. Su acabado terso y mate ofrece una excelente facilidad de aplicación, y una resistencia al salpiqueo mejorada al aplicarse con rodillo. Esta pintura acrílica es la mejor opción para obtener una relación precio-calidad óptima, y la marca Berel es sinónimo de confiabilidad y durabilidad. Su textura suave y su capacidad de cubrir de forma uniforme hacen de la Berelinte7 Serie 0800 una excelente opción para cualquier proyecto de pintura."""
Pintura Aluminio Alta temperatura No. 9150,"Pintura Aluminio Alta temperatura, Recubrimiento con acabado metálico color aluminio para interiores y exteriores, formulado a base de resinas de silicón, para ser utilizado en superficies de hierro o acero que están expuestas a temperaturas de hasta 560°C.",https://www.berelmexico.com/producto/pintura-aluminio-alta-temperatura-no-9150/,Pinturas,"La Pintura Aluminio Alta Temperatura No. 9150 de Berel es un recubrimiento acrílico con acabado metálico color aluminio para uso en interiores y exteriores. Está formulado a base de resinas de silicón para resistir temperaturas de hasta 560°C. Esta pintura es ideal para superficies de hierro o acero que están expuestas a altas temperaturas. Su aplicación es sencilla y rápida, por lo que obtendrás un recubrimiento de calidad profesional. Esta pintura es resistente a la abrasión, a la intemperie y a los rayos UV, lo que la hace perfecta para usar en proyectos exteriores. Su durabilidad y resistencia a la corrosión es superior a la de la mayoría de las pinturas acrílicas, lo que la convierte en la mejor opción para superficies expuestas a altas temperaturas."